<?xml version="1.0" encoding="UTF-8"?>
<project-private xmlns="http://www.netbeans.org/ns/project-private/1">
    <editor-bookmarks xmlns="http://www.netbeans.org/ns/editor-bookmarks/2" lastBookmarkId="0"/>
    <open-files xmlns="http://www.netbeans.org/ns/projectui-open-files/2">
        <group>
            <file>file:/D:/PIC%20MCU/Door%20Lock%20System/My_Project.X/main.c</file>
            <file>file:/D:/PIC%20MCU/Door%20Lock%20System/My_Project.X/keypad.c</file>
            <file>file:/D:/PIC%20MCU/Door%20Lock%20System/My_Project.X/keypad.h</file>
        </group>
    </open-files>
</project-private>
